"Predictor","Asthma","Afib","BreastC","CKD","CHD","ProstateC","t2d","t1d"
"per_poverty_threshold",0.508408,-0.534718,-1.316532,0.525185,-0.150084,-2.039695,1.534776,1.299173
"education",0.222879,-0.345722,-0.271305,0.331157,0.483065,-0.547785,0.98113,0.285902
"fraction_assisted_income",4.553272,0.417884,0.202044,-0.732873,-0.125065,17.467954,-1.475121,-3.636083
"fraction_high_school_edu",0.098551,-0.068692,1.499619,0.260185,1.480683,3.925658,0.796319,-0.268595
"median_income",2.048057,0.446087,0.142324,0.017948,0.339292,7.681978,-0.740459,-2.168217
"fraction_no_health_insurance",-1.474817,1.1005,0.081191,0.517365,0.462783,4.502802,0.088266,-1.960124
"fraction_poverty",-0.209664,-2.294864,-0.412789,-0.04162,0.562528,5.007824,0.400129,-1.78424
"fraction_vacant_housing",1.137539,0.997707,1.392761,0.905047,0.914229,7.284814,0.280463,-0.284473
"deprivation_index",-5.831879,0.010124,-2.109811,NA,-2.944497,-29.817767,1.10219,9.225771
