"Predictor","Asthma","Afib","BreastC","CKD","CHD","ProstateC","t2d","t1d"
"(Intercept)",-0.9069841511498926,-0.6525112531729016,-1.946487667040341,-1.4800648091581583,-1.7500557968125263,-2.9154495249216463,-1.2650004571743378,-3.57909907937764
"education",0.3900846215834476,-0.50751286017793,-0.7167734369922141,0.49115074755327204,0.43079043100816194,-1.1730521082298047,1.4398159230757608,0.728285850185941
"fraction_assisted_income",4.463467787914071,0.4295442208275052,0.09044365256843995,-0.6762657885923988,0,17.422369470853905,-1.4506958909533045,-3.340587712286977
"fraction_high_school_edu",0,-0.07096290792281976,1.6301629170168739,0.2789267076709525,1.6495006076646321,3.877214577666285,0.8788114711657624,-0.4169458582629442
"median_income",2.0606308343271604,0.42061026946050467,0,0,0.44261062211823854,7.682440711723142,-0.4372826254443083,-2.038542237933092
"fraction_no_health_insurance",-1.8648636060286612,1.093566865488676,0,0.5112721151054701,0.5717886611627996,4.576313222175632,0.14353198020115351,-1.74327454997913
"fraction_poverty",-0.2109604851739516,-2.3237032861798426,-0.438878293190394,0,0.6868070850757897,4.958176535474511,0.6316423940922652,-1.6617761702566363
"fraction_vacant_housing",1.1248170464089964,0.9285103529400831,1.3389871919463123,1.0150905377925041,1.007390468848957,7.305796326516609,0.315047732739817,-0.2194563854012153
"deprivation_index",-6.507903714341438,0,-2.147676525917225,0,-3.528883827449446,-30.314626215566566,0.8555367543772654,9.072138208848623
