"Predictor","Asthma","Afib","BreastC","CKD","CHD","ProstateC","t2d","t1d"
"education",0.386266,-0.518264,-0.715585,0.492941,0.43333700000000003,-1.176087,1.442368,0.687642
"fraction_assisted_income",4.454736,0.427197,0.306712,-0.707372,-0.238924,17.609531,-1.520956,-3.465392
"fraction_high_school_edu",0.059035,-0.086096,1.62557,0.244214,1.345551,3.951588,0.7858,-0.198659
"median_income",2.030159,0.415433,0.096773,0.064538,0.194077,7.802918,-0.602668,-1.928619
"fraction_no_health_insurance",-1.53252,1.112222,0.168902,0.545473,0.359394,4.54178,0.064859,-1.863703
"fraction_poverty",-0.221841,-2.348824,-0.402033,-0.020266,0.364924,5.154677,0.515127,-1.566655
"fraction_vacant_housing",1.115877,0.967068,1.448653,0.912989,0.844543,7.311573,0.311719,-0.197141
"deprivation_index",-5.569237,NA,-2.612781,NA,-2.35322,-30.437642,1.227336,8.715486
